split,image,method,width,height,roi_x,roi_y,roi_w,roi_h,center_x,center_y,crop_x1,crop_y1,crop_x2,crop_y2,crop_w,crop_h,threshold,kernel_size,components_kept,fallback
train,train_101_png.rf.e3f2bdba7a85c6794e6e6b6116dc59c6.jpg,energy,2916,1316,211,112,2476,1091,1449.0,657.5,161,90,2737,1225,2576,1135,102.0399,8,0,False
train,train_104_png.rf.7f6101e52070163e84a91e34e7e3a49d.jpg,energy,2712,1316,282,101,2145,1062,1354.5,632.0,239,80,2470,1184,2231,1104,92.743,8,0,False
train,train_112_png.rf.e1b72c959fac2917c5faa72ec820cc44.jpg,energy,1976,976,237,68,1458,833,966.0,484.5,208,51,1724,918,1516,867,202.4092,6,0,False
train,train_128_png.rf.91dd5f1a7491ef69b3324d71b0969a72.jpg,energy,2851,1316,209,96,2394,1084,1406.0,638.0,161,74,2651,1202,2490,1128,83.0391,8,0,False
train,train_139_png.rf.abb491cd95458bf79a88415c08502958.jpg,energy,2831,1316,324,112,2300,1076,1474.0,650.0,278,90,2670,1210,2392,1120,95.8067,8,0,False
train,train_13_png.rf.63f3d093afd72f36bebe6e359cab64f3.jpg,energy,2935,1316,351,133,2245,1042,1473.5,654.0,306,112,2641,1196,2335,1084,103.8284,8,0,False
train,train_149_png.rf.c54bdae31bfa278aeec8ba6dded24504.jpg,energy,2812,1316,325,111,2247,1083,1448.5,652.5,280,89,2617,1216,2337,1127,84.5974,8,0,False
train,train_14_png.rf.12b5901e69c2739f91d1ed5a4b16992b.jpg,energy,2828,1316,270,111,2296,1091,1418.0,656.5,224,89,2612,1224,2388,1135,89.7415,8,0,False
train,train_159_png.rf.b8041a04434c784fc017860a7838f0c4.jpg,energy,2820,1316,322,108,2171,1067,1407.5,641.5,279,87,2536,1196,2257,1109,84.7685,8,0,False
train,train_164_png.rf.488dd6fc6fd3c0e17d536b903fa9fb04.jpg,energy,2798,1316,300,106,2225,1076,1412.5,644.0,256,84,2569,1204,2313,1120,93.3779,8,0,False
train,train_187_png.rf.0a694f376c3615f979974a0778c33248.jpg,energy,2815,1316,270,104,2293,1077,1416.5,642.5,224,82,2609,1203,2385,1121,85.7854,8,0,False
train,train_190_png.rf.c4a3e570e0acdec516adb582ec1a5d9b.jpg,energy,2863,1316,315,108,2267,1081,1448.5,648.5,270,86,2627,1211,2357,1125,85.3418,8,0,False
train,train_194_png.rf.39abe644fc23c9b2d2e5e4af23737d8a.jpg,energy,2800,1316,286,106,2232,1077,1402.0,644.5,241,84,2563,1205,2322,1121,92.3112,8,0,False
train,train_196_png.rf.46fa1028b9036913173cb53071e99ea8.jpg,energy,3076,1536,273,115,2566,1202,1556.0,716.0,222,91,2890,1341,2668,1250,120.5518,10,0,False
train,train_206_png.rf.adab03495ab5a63473573f386a8915c7.jpg,energy,2917,1316,309,105,2348,1083,1483.0,646.5,262,83,2704,1210,2442,1127,96.6466,8,0,False
train,train_21_png.rf.0bfd20929a68788a40b71e93e68a184d.jpg,energy,1976,976,214,138,1395,720,911.5,498.0,186,124,1637,872,1451,748,173.6061,6,0,False
train,train_248_png.rf.2cb85dfa0c3a9575ea15156d171b952d.jpg,energy,2872,1316,281,114,2292,1076,1427.0,652.0,235,92,2619,1212,2384,1120,96.252,8,0,False
train,train_249_png.rf.3966d3290fc6f9bccdbca81811fa0bd6.jpg,energy,2868,1504,326,135,2227,1243,1439.5,756.5,281,110,2598,1403,2317,1293,121.0619,9,0,False
train,train_250_png.rf.c9a685e1a48cc05ed02374fa32aa4eab.jpg,energy,2860,1316,298,108,2286,1090,1441.0,653.0,252,86,2630,1220,2378,1134,95.5182,8,0,False
train,train_258_png.rf.29fb80f3baf2b24747d65c2a68654dcd.jpg,energy,2872,1504,312,120,2236,1259,1430.0,749.5,267,95,2593,1404,2326,1309,116.5635,9,0,False
train,train_272_png.rf.24765a5114e54cdd6e93bf13afde18f6.jpg,energy,2868,1504,262,130,2338,1245,1431.0,752.5,215,105,2647,1400,2432,1295,113.6901,9,0,False
train,train_280_png.rf.4108da8aae2b7e2b0c97402ece437c26.jpg,energy,2844,1316,324,115,2218,1064,1433.0,647.0,280,94,2586,1200,2306,1106,94.9256,8,0,False
train,train_287_png.rf.b1c935792298ca1ddf2c42dc932196cb.jpg,energy,2954,1316,214,106,2535,1097,1481.5,654.5,163,84,2800,1225,2637,1141,100.6562,8,0,False
train,train_301_png.rf.1035d42dd6d013869faf583a86b815af.jpg,energy,2512,1504,238,130,2005,1246,1240.5,753.0,198,105,2283,1401,2085,1296,100.409,9,0,False
train,train_31_png.rf.7882a35de62b7a0885e02eff3065b824.jpg,energy,2872,1504,372,129,2208,1247,1476.0,752.5,328,104,2624,1401,2296,1297,109.9178,9,0,False
train,train_332_png.rf.49523164500fc314c94bc08114c8c2dd.jpg,energy,2983,1316,224,117,2537,1064,1492.5,649.0,173,96,2812,1202,2639,1106,104.5107,8,0,False
train,train_342_png.rf.bc1cca6a58af4b35fc3bc88d852019f8.jpg,energy,2942,1316,329,115,2281,1069,1469.5,649.5,283,94,2656,1205,2373,1111,100.4308,8,0,False
train,train_358_png.rf.1af68a4058eb379d3c738d92691bcf42.jpg,energy,2862,1316,341,107,2184,1079,1433.0,646.5,297,85,2569,1208,2272,1123,95.186,8,0,False
train,train_360_png.rf.79fd08b9e10c2ca0645a9b9943df0cc0.jpg,energy,2872,1504,322,155,2258,1229,1451.0,769.5,277,130,2625,1409,2348,1279,136.3823,9,0,False
train,train_367_png.rf.d81051d756a60a7c8bf04b47df9ef182.jpg,energy,2839,1316,261,107,2305,1088,1413.5,651.0,215,85,2612,1217,2397,1132,93.8278,8,0,False
train,train_37_png.rf.7f9bea92c1a44dc44b72bc5ecb8e0a51.jpg,energy,2872,1504,291,135,2313,1243,1447.5,756.5,245,110,2650,1403,2405,1293,110.658,9,0,False
train,train_381_png.rf.4f003cd0787df3254ec3691c7524cbbf.jpg,energy,2950,1316,274,110,2411,1077,1479.5,648.5,226,88,2733,1209,2507,1121,86.1695,8,0,False
train,train_391_png.rf.781f0586045b5482674c5a1d6de79790.jpg,energy,2884,1504,314,120,2253,1235,1440.5,737.5,269,95,2612,1380,2343,1285,102.9108,9,0,False
train,train_393_png.rf.cafa1e56a0c5c293fb1359b1ad30edec.jpg,energy,2872,1504,285,133,2351,1256,1460.5,761.0,238,108,2683,1414,2445,1306,128.8234,9,0,False
train,train_400_png.rf.f53a257ed63ad00d48a275c5df773aa0.jpg,energy,2846,1316,254,115,2327,1084,1417.5,657.0,207,93,2628,1221,2421,1128,114.8777,8,0,False
train,train_406_png.rf.5ce264df44a454a2855bb988a3ee3a7d.jpg,energy,2856,1316,315,117,2232,1048,1431.0,641.0,270,96,2592,1186,2322,1090,92.5768,8,0,False
train,train_408_png.rf.f14140efbe0d27f57b0149b6ea308381.jpg,energy,2964,1316,325,111,2317,1074,1483.5,648.0,279,90,2688,1206,2409,1116,106.8098,8,0,False
train,train_413_png.rf.54ede1ddb9eb96790d676981110488ff.jpg,energy,2906,1316,247,110,2432,1093,1463.0,656.5,198,88,2728,1225,2530,1137,92.554,8,0,False
train,train_415_png.rf.168e3dd8ea5427ac5e26da854511b399.jpg,energy,2964,1316,309,110,2388,1072,1503.0,646.0,261,89,2745,1203,2484,1114,91.5872,8,0,False
train,train_420_png.rf.9213bbaa1e14cd9a4403a51f774295cf.jpg,energy,2884,1504,290,115,2309,1242,1444.5,736.0,244,90,2645,1382,2401,1292,109.8389,9,0,False
train,train_422_png.rf.4ea537873f1027e1189089d331a02a0b.jpg,energy,2836,1316,312,117,2249,1082,1436.5,658.0,267,95,2606,1221,2339,1126,115.4002,8,0,False
train,train_456_png.rf.7a7cfd458c7f97bc3553d8062425ad21.jpg,energy,2799,1316,280,112,2242,1074,1401.0,649.0,235,91,2567,1207,2332,1116,93.0663,8,0,False
train,train_461_png.rf.d3810e70f4d3ffc85081a0759c4c7213.jpg,energy,2833,1316,331,113,2175,1071,1418.5,648.5,287,92,2550,1205,2263,1113,91.9666,8,0,False
train,train_462_png.rf.e1496a51304cd58e360455482a170b7f.jpg,energy,2872,1504,291,136,2254,1236,1418.0,754.0,246,111,2590,1397,2344,1286,108.9357,9,0,False
train,train_463_png.rf.33fe6eda77ba094b01e30e3e81001bb8.jpg,energy,2824,1316,320,111,2180,1083,1410.0,652.5,276,89,2544,1216,2268,1127,78.2966,8,0,False
train,train_474_png.rf.04ffbfc7de2eae4b093456a3496f7268.jpg,energy,2890,1316,312,119,2250,1060,1437.0,649.0,267,98,2607,1200,2340,1102,76.8312,8,0,False
train,train_479_png.rf.5de2087d8b69ea10dc2bbdfa94c48544.jpg,energy,2872,1504,296,134,2288,1253,1440.0,760.5,250,109,2630,1412,2380,1303,103.2515,9,0,False
train,train_481_png.rf.48e0f165b7c95bc2031d4052a6045e36.jpg,energy,2480,1504,250,122,1944,1224,1222.0,734.0,211,98,2233,1370,2022,1272,112.4943,9,0,False
train,train_501_png.rf.977aeb65c869b4e2845974aea451199c.jpg,energy,2824,1316,393,104,2075,1060,1430.5,634.0,351,83,2510,1185,2159,1102,83.9704,8,0,False
train,train_523_png.rf.d9255186e9fb4722ac28c9e19a1e842b.jpg,energy,2942,1316,242,112,2446,1065,1465.0,644.5,193,91,2737,1198,2544,1107,89.7113,8,0,False
train,train_531_png.rf.689ca61ec95823c5150877d8c289e4cd.jpg,energy,2872,1504,343,146,2219,1231,1452.5,761.5,299,121,2606,1402,2307,1281,121.1635,9,0,False
train,train_532_png.rf.60d070fc7ecca35b9d3fb2bf251649f1.jpg,energy,2868,1504,360,143,2187,1215,1453.5,750.5,316,119,2591,1382,2275,1263,116.9564,9,0,False
train,train_541_png.rf.1e6499e05fc89293037ba8e75e50b8a9.jpg,energy,2729,1316,268,108,2205,1071,1370.5,643.5,224,87,2517,1200,2293,1113,83.1018,8,0,False
train,train_555_png.rf.da7af61f3ac0e933e39a584053e59389.jpg,energy,2828,1316,328,111,2182,1047,1419.0,634.5,284,90,2554,1179,2270,1089,84.9923,8,0,False
train,train_556_png.rf.55405705327056ec84fb5fd0977a32bf.jpg,energy,2727,1316,292,109,2148,1078,1366.0,648.0,249,87,2483,1209,2234,1122,95.003,8,0,False
train,train_55_png.rf.2eb3212dfab0010f7048fd5ad519f818.jpg,energy,2872,1504,264,146,2381,1237,1454.5,764.5,216,121,2693,1408,2477,1287,121.0862,9,0,False
train,train_562_png.rf.639852eaab67f79ff62b20011ceb7148.jpg,energy,2868,1504,337,128,2198,1241,1436.0,748.5,293,103,2579,1394,2286,1291,104.8161,9,0,False
train,train_564_png.rf.b1615ecdbaad1d6ab549b56945a337a0.jpg,energy,1976,976,240,120,1406,731,943.0,485.5,212,105,1674,866,1462,761,192.8,6,0,False
train,train_56_png.rf.3344f6ea9e3f89112519aaf8384649ad.jpg,energy,2872,1504,269,129,2258,1251,1398.0,754.5,224,104,2572,1405,2348,1301,117.5167,9,0,False
train,train_575_png.rf.34895224cd7f3a44163fa6f9349d871a.jpg,energy,2556,1504,244,130,2028,1241,1258.0,750.5,203,105,2313,1396,2110,1291,111.3933,9,0,False
train,train_582_png.rf.620b69f3be5a991d87b1d444dc4638c4.jpg,energy,2977,1316,234,108,2411,1068,1439.5,642.0,186,87,2693,1197,2507,1110,92.4132,8,0,False
train,train_583_png.rf.d6e24f614b06fce78c2be0d9574a2596.jpg,energy,2839,1316,270,116,2309,1098,1424.5,665.0,224,94,2625,1236,2401,1142,110.1866,8,0,False
train,train_592_png.rf.1dfb6348c2ce5f5fc8d152821ec21516.jpg,energy,2884,1504,336,137,2242,1245,1457.0,759.5,291,112,2623,1407,2332,1295,113.1952,9,0,False
train,train_596_png.rf.ddb44b078ca706a0fa438ebe8fe99604.jpg,energy,2812,1316,325,108,2138,1076,1394.0,646.0,282,86,2506,1206,2224,1120,97.659,8,0,False
train,train_604_png.rf.34bff0d99bcabf26cb7b7176656fe415.jpg,energy,2867,1316,237,104,2415,1082,1444.5,645.0,189,82,2700,1208,2511,1126,93.3106,8,0,False
train,train_621_png.rf.d7393d44ab843a8ce730c6ece3caca15.jpg,energy,3004,1316,270,106,2471,1092,1505.5,652.0,221,84,2790,1220,2569,1136,88.4901,8,0,False
train,train_622_png.rf.9e9a7a918c0aaf2c0df820a0e06d34ee.jpg,energy,2977,1316,227,108,2500,1074,1477.0,645.0,177,87,2777,1203,2600,1116,108.4974,8,0,False
train,train_625_png.rf.6f1cbd35a1b0484838d5be0d619ae4e2.jpg,energy,2756,1316,296,107,2211,1077,1401.5,645.5,252,85,2551,1206,2299,1121,81.7134,8,0,False
train,train_62_png.rf.fc728f3ecb9bac9ddbbf01cded87a1ca.jpg,energy,2867,1316,261,101,2318,1064,1420.0,633.0,215,80,2625,1186,2410,1106,88.4308,8,0,False
train,train_637_png.rf.dfdee3027e34868c137e2e89b98d80ca.jpg,energy,3076,1536,348,124,2391,1222,1543.5,735.0,300,100,2787,1370,2487,1270,141.1357,10,0,False
train,train_644_png.rf.47bfac618c607e9be2f94aadd8a3fa69.jpg,energy,2899,1316,245,108,2398,1088,1444.0,652.0,197,86,2691,1218,2494,1132,77.5139,8,0,False
train,train_647_png.rf.d9880d01c0f25d22e748f009f2ae067d.jpg,energy,2935,1316,227,118,2485,1094,1469.5,665.0,177,96,2762,1234,2585,1138,99.7,8,0,False
train,train_670_png.rf.54e2b3cedb8d9dc3420f1c7f3ccda399.jpg,energy,2771,1316,319,109,2159,1061,1398.5,639.5,276,88,2521,1191,2245,1103,88.3479,8,0,False
train,train_691_png.rf.b21bc597653535a852b25371b135c615.jpg,energy,2827,1316,347,108,2259,1096,1476.5,656.0,302,86,2651,1226,2349,1140,73.4649,8,0,False
train,train_696_png.rf.8a0bd3562857b82996d23d911f68b973.jpg,energy,2965,1316,199,124,2559,1090,1478.5,669.0,148,102,2809,1236,2661,1134,143.2382,8,0,False
train,train_77_png.rf.2b3c5a4811f1276f24498a8958e92c67.jpg,energy,2872,1504,334,134,2240,1252,1454.0,760.0,289,109,2619,1411,2330,1302,139.4386,9,0,False
train,train_7_png.rf.8ccd44834d1300df3acef61e548aa930.jpg,energy,2920,1316,206,99,2511,1093,1461.5,645.5,156,77,2767,1214,2611,1137,102.7715,8,0,False
train,train_81_png.rf.344fa225442cfe46a25db919336a43fa.jpg,energy,2860,1316,260,116,2353,1079,1436.5,655.5,213,94,2660,1217,2447,1123,105.3213,8,0,False
train,train_82_png.rf.61a405934ee229ee7aa85ef9a0f10063.jpg,energy,2872,1504,314,124,2226,1265,1427.0,756.5,269,99,2585,1414,2316,1315,95.4217,9,0,False
train,train_91_png.rf.6bdeea2941e42e0b50752618e95cfc63.jpg,energy,2985,1316,271,125,2445,1085,1493.5,667.5,222,103,2765,1232,2543,1129,118.6602,8,0,False
train,train_9_png.rf.2f430b30b557521744d6eae50b813dab.jpg,energy,2872,1504,299,125,2236,1253,1417.0,751.5,254,100,2580,1403,2326,1303,121.7827,9,0,False
valid,train_115_png.rf.ec8711053dea7814151b87cb5357520e.jpg,energy,2897,1316,319,114,2310,1087,1474.0,657.5,273,92,2675,1223,2402,1131,95.7428,8,0,False
valid,train_130_png.rf.631d7e5f2c044ec2f4da12c6b47e2579.jpg,energy,2821,1316,238,110,2355,1075,1415.5,647.5,191,88,2640,1207,2449,1119,91.7163,8,0,False
valid,train_136_png.rf.fe4485399dbeb6d10cc97dcddbc448dd.jpg,energy,2852,1316,231,111,2418,1071,1440.0,646.5,183,90,2697,1203,2514,1113,100.1801,8,0,False
valid,train_156_png.rf.bf0ead8b448e5631cf95efbc2bfabf3f.jpg,energy,2892,1316,205,107,2471,1093,1440.5,653.5,156,85,2725,1222,2569,1137,97.6861,8,0,False
valid,train_185_png.rf.795daacb019fdd448d524a40b11a36c4.jpg,energy,2894,1316,316,102,2276,1071,1454.0,637.5,270,81,2638,1194,2368,1113,97.3301,8,0,False
valid,train_188_png.rf.ebf761f2ecc6c0218831fb281dde4b15.jpg,energy,2872,1504,306,134,2260,1239,1436.0,753.5,261,109,2611,1398,2350,1289,107.5749,9,0,False
valid,train_200_png.rf.ee490b379e304a08eca4b790b83f423a.jpg,energy,2936,1316,261,116,2457,1069,1489.5,650.5,212,95,2767,1206,2555,1111,119.5663,8,0,False
valid,train_214_png.rf.c3012fff2957bc86efbd28aa9b98250d.jpg,energy,1976,976,229,96,1493,799,975.5,495.5,199,80,1752,911,1553,831,220.8,6,0,False
valid,train_254_png.rf.cbb8a3226257861a15b450fa27737632.jpg,energy,2876,1504,319,133,2268,1251,1453.0,758.5,274,108,2632,1409,2358,1301,127.4227,9,0,False
valid,train_267_png.rf.a38c7469184b36122add3836f565824e.jpg,energy,2858,1316,207,102,2441,1062,1427.5,633.0,158,81,2697,1185,2539,1104,80.143,8,0,False
valid,train_281_png.rf.5b5d87910cd358fa94e12101c0a5bc61.jpg,energy,2836,1316,333,107,2185,1078,1425.5,646.0,289,85,2562,1207,2273,1122,87.3305,8,0,False
valid,train_289_png.rf.50128c252c1285b438b69d8b62aec7e5.jpg,energy,2868,1504,295,139,2307,1223,1448.5,750.5,249,115,2648,1386,2399,1271,126.3987,9,0,False
valid,train_291_png.rf.4121513a849e9b704b6886bcb91b09b6.jpg,energy,2788,1316,302,112,2180,1082,1392.0,653.0,258,90,2526,1216,2268,1126,94.0208,8,0,False
valid,train_294_png.rf.c766931e465938cb638c27c218a9895b.jpg,energy,2880,1316,339,107,2201,1048,1439.5,631.0,295,86,2584,1176,2289,1090,84.1482,8,0,False
valid,train_359_png.rf.c271944f17856d912d2b21548f2fea00.jpg,energy,2986,1316,210,116,2550,1063,1485.0,647.5,159,95,2811,1200,2652,1105,100.5478,8,0,False
valid,train_488_png.rf.f23f8aa61e85b2be4d00fa1f8d3727b9.jpg,energy,2741,1316,237,109,2268,1065,1371.0,641.5,192,88,2550,1195,2358,1107,92.1485,8,0,False
valid,train_597_png.rf.df13092f303aa3814117236eb6e9649b.jpg,energy,2723,1316,336,104,2076,1067,1374.0,637.5,294,83,2454,1192,2160,1109,82.8331,8,0,False
valid,train_663_png.rf.06b7337f125cf0967596522defba0f49.jpg,energy,1976,976,261,94,1404,782,963.0,485.0,233,78,1693,892,1460,814,199.5806,6,0,False
valid,train_665_png.rf.86ee2471e21692ac569cac6a74c56ad2.jpg,energy,2929,1316,288,115,2320,1083,1448.0,656.5,242,93,2654,1220,2412,1127,93.1528,8,0,False
valid,train_692_png.rf.eabb6a32fdb184cbaa26ee5b3436fd53.jpg,energy,2806,1316,326,110,2198,1064,1425.0,642.0,282,89,2568,1195,2286,1106,95.0049,8,0,False
